TIME_PERIOD,Net Migration (World Bank),Air Passenger Transport,Population,Employment,Emigration of Citizens,Exports (National Accounts),GDP (Quarterly),Energy Prices,Inflation (HICP Manufacturing),Road Passenger Transport,Industrial Production Index,Retail Trade Turnover,Tourist Overnight Stays,Freight Transport,Unemployment Rate
1960-01-01,11420.0,,2104128.0,,,,,,,,,,,,
1961-01-01,12364.0,,2137830.0,,,,,,,,,,,,
1962-01-01,12344.0,,2167531.0,,,,,,,,,,,,
1963-01-01,12308.0,,2195640.0,,,,,,,,,,,,
1964-01-01,13010.0,,2226198.0,,,,,,,,,,,,
1965-01-01,13218.0,,2255048.0,,,,,,,,,,,,
1966-01-01,13465.0,,2276789.0,,,,,,,,,,,,
1967-01-01,14177.0,,2289645.0,,,,,,,,,,,,
1968-01-01,13465.0,,2312795.0,,,,,,,,,,,,
1969-01-01,13718.0,,2334443.0,,,,,,,,,,,,
1970-01-01,12494.0,,9407612.0,,,,,,,,,,,,
1971-01-01,10846.0,,9465696.0,,,,,,,,,,,,
1972-01-01,11077.0,,9545412.0,,,,,,,,,,,,
1973-01-01,15997.0,,9619980.0,,,,,,,,,,,,
1974-01-01,14420.0,,9706568.0,,,,,,,,,,,,
1975-01-01,12166.0,,9790920.0,,,,,,,,,,,,
1976-01-01,8870.0,,9858116.0,,,,,,,,,,,,
1977-01-01,11992.0,,9909796.0,,,,,,,,,,,,
1978-01-01,7399.0,,9970788.0,,,,,,,,,,,,
1979-01-01,3661.0,,10012580.0,,,,,,,,,,,,
1980-01-01,3099.0,,10035044.0,,,,,,,,,,,,
1981-01-01,6536.0,,10058560.0,,,,,,,,,,,,
1982-01-01,8116.0,,10096808.0,,,,,,,,,,,,
1983-01-01,8115.0,,10151832.0,,,,,,,,,,,,
1984-01-01,8847.0,,10216252.0,,,,,,,,,,,,
1985-01-01,12037.0,,10280120.0,,,,,,,,,,,,
1986-01-01,13972.0,,10350864.0,,,,,,,,,,,,
1987-01-01,19249.0,,10448272.0,,,,,,,,,,,,
1988-01-01,15784.0,,10564388.0,,,,,,,,,,,,
1989-01-01,-4960.0,,10663080.0,,,,,,,,,,,,
1990-01-01,-13196.0,,10672560.0,,,,,,,7224.0,,,,,
1991-01-01,-12020.0,,10632644.0,,,,,,,6699.0,,,,,
1992-01-01,-52180.0,,10572000.0,,,,,,,3609.0,,,,,
1993-01-01,-32914.0,,10342700.0,,,,,,,2428.0,,,,,
1994-01-01,-21446.0,,10163616.0,,,,,,,2467.0,,,,,
1995-01-01,-13288.0,,10002320.0,,,65186.5,503896.586,,,2394.0,,,,,
1995-04-01,,,,,,,535514.484,,,,,,,,
1995-07-01,,,,,,,540137.069,,,,,,,,
1995-10-01,,,,,,,598959.947,,,,,,,,
1996-01-01,-9888.0,,9878124.0,,,82451.5,686612.725,,,2018.0,,,,,
1996-04-01,,,,,,,722570.052,,,,,,,,
1996-07-01,,,,,,,760568.743,,,,,,,,
1996-10-01,,,,,,,831490.3150000001,,,,,,,,
1997-01-01,-9183.0,,9779648.0,,,91059.7,726910.238,,1729.8,2201.0,,,,,
1997-02-01,,,,,,,,,1617.2,,,,,,
1997-03-01,,,,,,,,,1487.2,,,,,,
1997-04-01,,,,,,,813464.316,,1522.0,,,,,,
1997-05-01,,,,,,,,,1500.6,,,,,,
1997-06-01,,,,,,,,,1288.3,,,,,,
1997-07-01,,,,,,,822910.704,,1153.8,,,,,,
1997-08-01,,,,,,,,,1193.0,,,,,,
1997-09-01,,,,,,,,,1001.8,,,,,,
1997-10-01,,,,,,,893250.982,,956.0,,,,,,
1997-11-01,,,,,,,,,907.7,,,,,,
1997-12-01,,,,,,,,,895.8,,,,,,
1998-01-01,-5504.0,,9683156.0,,127882.0,102281.4,840715.406,,801.8,2451.0,,,,,
1998-02-01,,,,,,,,,737.3,,,,,,
1998-03-01,,,,,,,,,714.4,,,,,,
1998-04-01,,,,,,,896278.959,,715.3,,,,,,2455.5
1998-05-01,,,,,,,,,674.8,,,,,,2482.3
1998-06-01,,,,,,,,,734.8,,,,,,2465.3
1998-07-01,,,,,,,895129.826,,691.4,,,,,,2410.9
1998-08-01,,,,,,,,,642.8,,,,,,2362.9
1998-09-01,,,,,,,,,638.7,,,,,,2327.7
1998-10-01,,,,,,,917287.544,,545.8,,,,,,2301.8
1998-11-01,,,,,,,,,531.6,,,,,,2295.3
1998-12-01,,,,,,,,,557.3,,,,,,2303.7
1999-01-01,-3229.0,,9596992.0,,85616.0,96724.8,829703.069,,526.9,2892.0,,,,,2336.4
1999-02-01,,,,,,,,,546.8,,,,,,2355.2
1999-03-01,,,,,,,,,519.6,,,,,,2349.5
1999-04-01,,,,,,,889627.456,,415.3,,,,,,2321.8
1999-05-01,,,,,,,,,457.0,,,,,,2308.9
1999-06-01,,,,,,,,,454.8,,,,,,2307.2
1999-07-01,,,,,,,909692.82,,430.6,,,,,,2317.4
1999-08-01,,,,,,,,,440.9,,,,,,2338.3
1999-09-01,,,,,,,,,494.9,,,,,,2357.0
1999-10-01,,,,,,,967061.092,,512.2,,,,,,2383.4
1999-11-01,,,,,,,,,530.7,,,,,,2400.9
1999-12-01,,,,,,,,,512.3,,,,,,2410.3
2000-01-01,-15679.0,,9526860.0,,184442.0,270275.9,875285.79,,494.5,2745.5,35859.2,7063.17,,,2411.2
2000-02-01,,,,,,,,,517.2,,37095.3,7161.19,,,2399.3
2000-03-01,,,,,,,,,494.0,,39605.9,7600.85,,,2375.9
2000-04-01,,,,,,,950641.312,,544.9,,35946.6,7659.95,,,2345.3
2000-05-01,,,,,,,,,462.40000000000003,,40400.2,7614.26,,,2326.7
2000-06-01,,,,,,,,,352.8,,39736.5,8206.67,,,2316.0
2000-07-01,,,,,,,965515.248,,360.6,,35690.5,8345.32,,,2321.1
2000-08-01,,,,,,,,,323.7,,39827.8,8888.34,,,2325.6
2000-09-01,,,,,,,,,286.09999999999997,,40791.5,8167.48,,,2332.5
2000-10-01,,,,,,,1021683.536,,325.1,,41538.7,8321.98,,,2345.0
2000-11-01,,,,,,,,,299.90000000000003,,41672.1,8471.75,,,2349.4
2000-12-01,,,,,,,,,302.6,,42870.0,10261.43,,,2343.5
2001-01-01,-18634.0,,9413536.0,,196848.0,311785.4,939176.248,,239.1,2225.2,40234.3,8802.39,,,2338.5
2001-02-01,,,,,,,,,149.9,,40533.2,8740.6,,,2308.7
2001-03-01,,,,,,,,,198.5,,48265.0,9484.8,,,2263.5
2001-04-01,,,,,,,1037923.035,,178.2,,41249.1,9353.41,,,2197.1
2001-05-01,,,,,,,,,294.8,,45191.3,9525.71,,,2163.0
2001-06-01,,,,,,,,,355.5,,43753.1,9347.24,,,2144.4
2001-07-01,,,,,,,1031402.032,,366.4,,44193.6,9249.46,,,2146.0
2001-08-01,,,,,,,,,339.8,,44961.9,9421.04,,,2146.0
2001-09-01,,,,,,,,,387.6,,931721.7,9010.69,,,2150.0
2001-10-01,,,,,,,1138280.971,,347.8,,46461.7,9357.86,,,2316.5
2001-11-01,,,,,,,,,318.5,,3202374.8,9300.86,,,2250.8
2001-12-01,,,,,,,,,323.7,,43510.8,9770.17,,,2147.9
2002-01-01,-9160.0,,9283824.0,,126910.0,327077.6,990307.63,,365.4,25415.6,43020.3,9031.8,,,2029.9
2002-02-01,,,,,,,,,372.3,,39252.3,8479.11,,,2005.6
2002-03-01,,,,,,,,,389.3,,42432.0,9837.89,,,2097.0
2002-04-01,,,,,,,1102877.139,,377.7,,45098.8,9608.99,,,2263.6
2002-05-01,,,,,,,,,300.9,,44780.8,10360.98,,,2288.5
2002-06-01,,,,,,,,,180.6,,44853.3,9869.52,,,2161.5
2002-07-01,,,,,,,1113630.142,,233.3,,45452.4,10544.97,,,1897.8
2002-08-01,,,,,,,,,225.1,,49749.9,11068.11,,,1808.0
2002-09-01,,,,,,,,,235.4,,46577.3,10714.05,,,1831.8
2002-10-01,,,,,,,1200668.411,,305.90000000000003,,50353.0,11282.83,,,1972.9
2002-11-01,,,,,,,,,297.6,,49381.5,11086.24,,,2049.2
2002-12-01,,,,,,,,,278.4,,48015.5,12391.48,,,2025.1
2003-01-01,-11422.0,,9197560.0,,125364.0,356708.5,1081378.499,,354.59999999999997,27295.6,42850.5,9941.74,246492.0,,1927.0
2003-02-01,,,,,,,,,414.3,,42698.6,10195.27,278184.0,,1882.4
2003-03-01,,,,,,,,,428.7,,44500.9,10833.4,319026.0,,1868.9
2003-04-01,,,,,,,1182110.286,,447.0,,45033.0,10891.73,366282.0,,1878.8
2003-05-01,,,,,,,,,452.2,,47366.7,11772.55,501490.0,,1916.2
2003-06-01,,,,,,,,,592.9,,46080.7,11711.0,609070.0,,1962.2
2003-07-01,,,,,,,1230072.53,,568.2,,47341.1,12267.17,846050.0,,2022.5
2003-08-01,,,,,,,,,541.1,,46987.8,11873.78,781828.0,,2031.2
2003-09-01,,,,,,,,,538.3,,50769.6,11978.21,502636.0,,1965.2
2003-10-01,,,,,,,1299721.083,,591.6,,50827.6,12751.57,420568.0,,1814.1
2003-11-01,,,,,,,,,650.3,,48917.3,11676.82,354372.0,,1749.1
2003-12-01,,,,,,,,,636.6,,49555.3,13993.99,319912.0,,1793.3
2004-01-01,-15136.0,34195328.0,9106080.0,,161696.0,426237.2,1201939.833,,640.3,29589.4,44690.4,11352.66,287485.0,,1922.3
2004-02-01,,1383188.0,,,,,,,686.5,,47746.2,11568.18,306542.9,,1996.6
2004-03-01,,1728852.0,,,,,,,728.6,,52162.5,12798.94,337826.6,,1991.7
2004-04-01,,9242228.0,,,,,1348867.694,,757.9,,52749.2,13808.33,408713.9,,1929.9
2004-05-01,,2416876.0,,,,,,,1053.2,,49424.3,12967.09,543683.9,,1876.2
2004-06-01,,2751688.0,,,,,,,1043.8,,48177.7,13021.27,719191.4,,1837.9
2004-07-01,,11175700.0,,,,,1375050.714,,1113.9,,49283.8,13458.99,1015021.8,,1842.1
2004-08-01,,2881652.0,,,,,,,1218.5,,47966.9,13851.83,973854.5,,1874.9
2004-09-01,,2780280.0,,,,,,,1163.5,,52060.0,13779.01,583663.6,,1930.5
2004-10-01,,10752756.0,,,,,1472487.33,,1072.9,,52919.9,14159.49,485240.4,,1976.6
2004-11-01,,2806444.0,,,,,,,1064.6,,51960.6,14180.35,440406.5,,1983.4
2004-12-01,,2839104.0,,,,,,,1144.1,,51421.5,15893.89,435579.7,,1937.1
2005-01-01,-11134.0,61345564.0,8998896.0,,141326.0,524797.1,1351378.435,,1076.9,31164.8,48658.0,14932.66,381124.53,115.5,1855.8
2005-02-01,,2619136.0,,,,,,,1095.9,,48504.8,14177.68,382609.37,,1799.7
2005-03-01,,3516932.0,,,,,,,1048.2,,51682.3,15128.55,466068.27,,1760.8
2005-04-01,,16789508.0,,,,,1498235.763,,1218.1,,52876.4,15634.11,563427.94,,1712.9
2005-05-01,,4394240.0,,,,,,,968.3,,53595.0,15656.01,761249.71,,1673.6
2005-06-01,,4856204.0,,,,,,,960.6999999999999,,55734.9,16446.25,942789.3,,1621.6
2005-07-01,,19943600.0,,,,,1572256.013,,933.9,,54420.9,17139.98,1219649.3,,1576.3
2005-08-01,,5111788.0,,,,,,,963.3,,54558.1,17662.73,1191079.11,,1533.7
2005-09-01,,4698284.0,,,,,,,1091.2,,56660.9,17226.91,742131.55,,1506.5
2005-10-01,,17652692.0,,,,,1734402.529,,1152.3,,58469.4,17996.44,711442.81,,1459.9
2005-11-01,,4100656.0,,,,,,,1160.2,,57868.8,17861.27,573752.9,,1416.6
2005-12-01,,4130580.0,,,,,,,1087.0,,56920.4,20442.76,566902.59,,1392.5
2006-01-01,-9211.0,80105808.0,8911496.0,,136288.0,624743.9,1567390.862,,1178.2,34635.3,52390.8,18227.88,474998.98,90.4,1389.3
2006-02-01,,3824384.0,,,,,,,1158.6000000000001,,53735.7,18187.33,457882.36,,1383.2
2006-03-01,,4786688.0,,,,,,,1128.1,,57544.1,19261.42,544191.24,,1350.9
2006-04-01,,21439740.0,,,,,1753400.502,,973.6,,55862.2,19724.18,667196.37,,1283.1
2006-05-01,,5565324.0,,,,,,,1122.9,,56890.5,20421.5,880183.74,,1214.1
2006-06-01,,5880904.0,,,,,,,1014.8,,59384.9,20937.19,1008187.0599999999,,1125.3
2006-07-01,,24488288.0,,,,,1878634.892,,1134.6,,55394.7,21132.81,1431724.4,,1056.5
2006-08-01,,6297240.0,,,,,,,1140.6,,59925.6,22113.1,1514426.3900000001,,1021.2
2006-09-01,,5929016.0,,,,,,,1050.1,,59944.6,22167.07,881621.8,,1026.7
2006-10-01,,21014996.0,,,,,2073489.54,,984.7,,61776.2,23430.91,810270.11,,1054.3
2006-11-01,,4902384.0,,,,,,,1063.5,,59554.5,22503.71,683818.05,,1081.5
2006-12-01,,4938964.0,,,,,,,1148.6,,60573.7,27358.17,621995.79,,1119.4
2007-01-01,-8027.0,97133576.0,8835360.0,,123956.0,745120.7,1943667.785,,1180.3,38190.42,55193.9,23004.35,606847.48,89.6,1140.5
2007-02-01,,4482896.0,,,,,,,1276.0,,54655.2,23148.71,588675.17,,1149.3
2007-03-01,,5534776.0,,,,,,,1424.6,,63148.8,24560.84,726551.73,,1121.3
2007-04-01,,26439024.0,,,,,2113181.121,,1501.6,,55908.3,24083.31,760746.83,,1064.5
2007-05-01,,6739876.0,,,,,,,1400.0,,59662.7,25474.24,895694.92,,1028.3
2007-06-01,,7460476.0,,,,,,,1551.0,,58990.0,25748.54,1133050.52,,1005.7
2007-07-01,,30724364.0,,,,,2172045.082,229.1877,1569.4,,55784.0,26052.6,1474125.0,,1014.6
2007-08-01,,7918020.0,,,,,,,1608.1,,59904.5,26141.74,1338619.43,,997.8
2007-09-01,,7356816.0,,,,,,,1805.1,,57093.7,25093.57,917870.75,,951.3
2007-10-01,,26168588.0,,,,,2200834.055,,2067.5,,59754.4,26162.39,795536.13,,875.8
2007-11-01,,6058432.0,,,,,,,2078.3,,59112.8,25609.87,675890.24,,866.7
2007-12-01,,5934108.0,,,,,,,2123.8,,56303.8,27168.15,608616.25,,928.0
2008-01-01,-22445.0,113233612.0,8767240.0,,216588.0,717661.8,1997178.459,238.6793,2251.9,17168.8,55172.6,23673.89,601639.59,95.8,1061.2
2008-02-01,,5470080.0,,,,,,,2417.5,,60727.4,23833.58,615172.67,,1135.1
2008-03-01,,6430180.0,,,,,,,2450.5,,59442.8,24523.13,674061.3099999999,,1143.6
2008-04-01,,29782544.0,,,,,2093958.821,,2533.4,,60141.7,24827.94,755200.09,,1100.9
2008-05-01,,7928748.0,,,,,,,2602.8,,57938.3,24584.670000000002,1026906.89,,1102.5
2008-06-01,,8476604.0,,,,,,,2550.9,,56207.8,24393.79,1223692.25,,1111.0
2008-07-01,,36999920.0,,,,,2071775.447,423.6378,2443.6,,53440.8,24695.23,1774268.02,,1167.1
2008-08-01,,9441108.0,,,,,,,2333.8,,52087.2,24026.16,1528461.24,,1268.6
2008-09-01,,8648932.0,,,,,,,2226.0,,54772.3,23238.77,982615.33,,1406.7
2008-10-01,,29481892.0,,,,,2003103.22,,2098.3,,54990.2,22326.82,794853.5800000001,,1597.6
2008-11-01,,6624052.0,,,,,,,1904.0,,51459.4,21177.29,663505.76,,1797.7
2008-12-01,,6792448.0,,,,,,,1782.9,,48472.9,23150.24,594923.83,,1991.3
2009-01-01,-34807.0,125819872.0,8651336.0,59029.0,305880.0,551559.0,1620365.381,457.6389,1816.8,15092.86,38236.6,17291.85,518952.01,106.6,2208.9
2009-02-01,,5746768.0,,,,,,,1652.7,,37167.2,16224.69,472860.31,,2424.1
2009-03-01,,6916168.0,,,,,,,1547.0,,38390.6,16412.01,514389.96,,2582.6
2009-04-01,,34840208.0,,57377.1,,,1626829.864,,1208.2,,39930.8,16715.27,618702.77,,2720.5
2009-05-01,,8897956.0,,,,,,,944.7,,38348.9,16774.76,787763.03,,2826.9
2009-06-01,,9618876.0,,,,,,,764.2,,39471.1,16333.89,916133.83,,2928.3
2009-07-01,,40567896.0,,55912.3,,,1597427.21,351.1556,595.9,,35741.1,16327.27,1200895.04,,3035.4
2009-08-01,,10216576.0,,,,,,,450.3,,39082.5,16064.38,1137239.49,,3124.9
2009-09-01,,9271176.0,,,,,,,232.39999999999998,,39236.8,15472.29,753556.72,,3187.2
2009-10-01,,33319300.0,,55325.5,,,1644862.297,,34.70000000000001,,40545.0,15729.01,603063.67,,3263.9
2009-11-01,,7440876.0,,,,,,,-49.49999999999999,,41493.6,14819.58,460261.3,,3330.0
2009-12-01,,7783648.0,,,,,,,-111.3,,39515.7,16538.4,498314.93,,3377.0
2010-01-01,-36128.0,138601448.0,8482016.0,54456.9,317398.0,622647.2,1490463.092,300.007,-509.9,15012.0,41272.4,14707.46,497349.03,105.6,3403.2
2010-02-01,,6532784.0,,,,,,,-706.5,,40497.0,14167.58,464200.20999999996,,3376.0
2010-03-01,,8218828.0,,,,,,,-791.8,,45273.6,15775.17,532903.16,,3344.5
2010-04-01,,35183084.0,,54547.4,,,1600977.607,,-660.9,,47667.1,16664.84,579707.97,,3294.2
2010-05-01,,9862504.0,,,,,,,-613.3,,47235.7,16972.4,791444.99,,3220.9
2010-06-01,,11140124.0,,,,,,,-488.40000000000003,,47445.8,17172.84,956405.42,,3131.4
2010-07-01,,46372156.0,,55002.4,,,1682389.925,373.8445,-353.6,,48564.0,17547.72,1504118.43,,3054.5
2010-08-01,,11853980.0,,,,,,,-274.5,,51659.0,18081.2,1396118.22,,3041.4
2010-09-01,,10522904.0,,,,,,,-155.3,,50772.8,18022.97,895188.47,,3013.4
2010-10-01,,35290692.0,,54603.1,,,1745067.345,,-107.8,,54845.1,18301.44,743332.38,,2951.4
2010-11-01,,7536944.0,,,,,,,10.700000000000008,,51086.6,17805.13,564478.14,,2883.0
2010-12-01,,7632988.0,,,,,,,96.5,,49699.0,19652.8,568036.21,,2799.2
2011-01-01,-20202.0,147532000.0,8298420.0,53859.9,942878.0,753630.8,1595212.231,348.2187,232.8,14169.99,47164.3,16741.57,769520.4299999999,124.5,2720.6
2011-02-01,,6519000.0,,,,,,,301.5,,46970.1,17000.37,609254.0700000001,,2685.6
2011-03-01,,8569924.0,,,,,,,339.8,,50670.6,17925.12,746560.72,,2698.8
2011-04-01,,44385992.0,,54348.7,,,1757598.968,,403.1,,56579.6,18096.66,915806.04,,2742.0
2011-05-01,,11348348.0,,,,,,,477.5,,54779.0,18892.54,1072431.69,,2717.0
2011-06-01,,12476668.0,,,,,,,452.09999999999997,,55171.4,19289.49,1409245.75,,2611.4
2011-07-01,,49825104.0,,54320.2,,,1852231.607,382.4523,431.3,,51232.7,19921.29,2053455.21,,2472.7999999999997
2011-08-01,,12530364.0,,,,,,,462.6,,53844.7,20602.94,1832961.4100000001,,2401.6
2011-09-01,,11130500.0,,,,,,,407.6,,55231.8,20225.25,1076088.66,,2383.2
2011-10-01,,35675700.0,,54595.8,,,1895858.753,,402.3,,55146.4,20396.39,970594.54,,2391.9
2011-11-01,,7523808.0,,,,,,,401.59999999999997,,55908.3,19828.93,870950.96,,2408.3
2011-12-01,,7646508.0,,,,,,,402.6,,50972.1,21512.05,852297.61,,2417.3
2012-01-01,-11914.0,135824104.0,8179252.0,54140.7,784152.0,826483.5,1779953.386,415.7904,368.9,14277.2,54534.6,19238.69,922106.75,118.6,2445.3
2012-02-01,,6362044.0,,,,,,,351.9,,53396.2,18408.49,811537.17,,2503.1
2012-03-01,,7849028.0,,,,,,,346.0,,59368.5,19439.56,906644.62,,2560.6
2012-04-01,,38920528.0,,54836.6,,,1903920.274,,300.3,,56685.1,19315.83,1047006.43,,2612.8
2012-05-01,,9863772.0,,,,,,,273.1,,57420.0,20019.87,1263018.51,,2587.2
2012-06-01,,10740924.0,,,,,,,274.1,,58021.0,20520.02,1659800.7,,2468.9
2012-07-01,,44181804.0,,55207.3,,,1955998.841,450.593,241.4,,54256.2,21568.23,2316462.64,,2283.6
2012-08-01,,11054852.0,,,,,,,230.4,,61313.7,22018.44,2102164.21,,2207.8
2012-09-01,,10064624.0,,,,,,,197.9,,56636.3,21406.25,1282561.78,,2191.6
2012-10-01,,33009720.0,,55232.3,,,2009005.226,,179.5,,61589.5,21753.84,1164533.87,,2238.1
2012-11-01,,7082732.0,,,,,,,159.4,,58744.6,20546.33,1064938.16,,2221.5
2012-12-01,,7389748.0,,,,,,,175.2,,55108.7,22778.0,1057841.3599999999,,2152.5
2013-01-01,-14386.0,135810912.0,8095300.0,54697.0,382094.0,841472.3,1823632.53,409.6712,32.3,14465.9,52718.1,19966.21,1027033.97,107.6,2057.8
2013-02-01,,6317996.0,,,,,,,14.7,,50307.9,19493.47,888475.99,,1998.0
2013-03-01,,7878032.0,,,,,,,41.300000000000004,,52011.2,20500.94,1033952.78,,1893.9
2013-04-01,,39072320.0,,54541.3,,,1949533.197,,-41.6,,55003.4,20324.37,1078062.79,,1780.8
2013-05-01,,10031988.0,,,,,,,-19.499999999999996,,57106.2,21751.73,1409237.23,,1723.2
2013-06-01,,11033900.0,,,,,,,13.600000000000003,,58432.9,21410.7,1779179.25,,1742.5
2013-07-01,,43901240.0,,55161.0,,,2022445.036,406.7353,47.1,,60071.0,22697.46,2482097.21,,1861.5
2013-08-01,,10911476.0,,,,,,,-16.200000000000006,,56987.7,22855.31,2381867.08,,1931.6
2013-09-01,,9974340.0,,,,,,,22.099999999999994,,56450.7,22459.45,1319452.04,,1919.9
2013-10-01,,33425068.0,,54738.8,,,2049753.576,,82.8,,59974.6,22671.25,1220594.84,,1828.8
2013-11-01,,7328836.0,,,,,,,39.8,,57954.4,21695.53,1125800.64,,1777.3
2013-12-01,,7377568.0,,,,,,,9.099999999999998,,55531.1,24098.34,999518.99,,1758.3
2014-01-01,-8799.0,138179008.0,8005872.0,54517.5,631846.0,887692.9,1881978.648,435.52369999999996,173.5,15346.3,47225.1,20465.98,1087212.69,104.8,1767.1
2014-02-01,,6144996.0,,,,,,,165.0,,47337.9,19480.87,878180.38,,1776.5
2014-03-01,,7396540.0,,,,,,,138.8,,50137.9,21264.9,1042830.0599999999,,1749.2
2014-04-01,,39723484.0,,54325.1,,,2002851.008,,177.0,,51999.5,21916.38,1218896.28,,1687.3
2014-05-01,,9812072.0,,,,,,,143.1,,50831.9,21544.37,1607373.35,,1630.4
2014-06-01,,11516372.0,,,,,,,142.20000000000002,,50205.8,21717.17,1985094.65,,1606.1
2014-07-01,,45995676.0,,54104.2,,,2059091.524,432.7821,131.2,,49502.7,23139.52,2901868.17,,1632.4
2014-08-01,,11696504.0,,,,,,,157.7,,50946.9,23177.54,2517476.84,,1654.3
2014-09-01,,10583244.0,,,,,,,202.2,,53618.3,22547.29,1546367.33,,1644.4
2014-10-01,,35349460.0,,54088.8,,,2114643.94,,144.2,,55317.0,23845.18,1343454.72,,1607.4
2014-11-01,,7986364.0,,,,,,,161.1,,50378.6,22573.57,1143095.38,,1574.6
2014-12-01,,7962784.0,,,,,,,129.3,,49923.4,24555.46,1064528.22,,1522.0
2015-01-01,-10826.0,151964716.0,7944384.0,54341.4,350716.0,901287.2,1916368.631,442.3952,-2.0999999999999956,16190.0,47425.5,18705.3,970493.41,100.0,1476.4
2015-02-01,,7001484.0,,,,,,,61.6,,46665.6,18850.5,936050.02,,1490.1
2015-03-01,,8835348.0,,,,,,,112.2,,48751.3,20856.9,1069265.06,,1501.1
2015-04-01,,42621644.0,,54677.2,,,2060470.092,,157.70000000000002,,51125.0,20683.7,1230551.66,,1462.3
2015-05-01,,11008212.0,,,,,,,265.1,,47713.1,20503.2,1574533.1400000001,,1456.4
2015-06-01,,12316968.0,,,,,,,202.8,,48567.9,21260.1,1859027.19,,1471.8
2015-07-01,,49740264.0,,54681.1,,,2146418.336,436.6879,73.2,,50698.5,22718.5,2684165.23,,1479.6
2015-08-01,,12732272.0,,,,,,,127.10000000000001,,48730.4,22083.2,2517870.6799999997,,1493.5
2015-09-01,,11138328.0,,,,,,,45.0,,50449.5,22622.3,1489501.7,,1511.3
2015-10-01,,38560332.0,,54812.1,,,2150891.295,,66.8,,51463.2,22789.7,1347731.6300000001,,1531.9
2015-11-01,,8894916.0,,,,,,,77.6,,49263.9,21593.7,1091125.15,,1546.7
2015-12-01,,8823160.0,,,,,,,297.1,,48434.5,22274.6,1138281.64,,1540.9
2016-01-01,-12327.0,159223104.0,7875828.0,54546.4,361306.0,932435.8,1977362.987,395.3666,211.20000000000002,16478.8,45917.8,20458.8,1044809.69,85.3,1525.4
2016-02-01,,7951472.0,,,,,,,107.5,,46707.8,20726.0,986268.9400000001,,1503.6
2016-03-01,,9745956.0,,,,,,,157.5,,50235.4,21952.0,1174568.56,,1474.9
2016-04-01,,42988556.0,,54354.6,,,2132095.804,,33.0,,52170.6,21606.0,1289328.52,,1458.4
2016-05-01,,11059316.0,,,,,,,83.0,,51236.2,22638.4,1630740.84,,1453.4
2016-06-01,,12192576.0,,,,,,,151.1,,51793.3,22526.1,2115611.64,,1465.2
2016-07-01,,49682388.0,,54065.0,,,2168313.243,374.8479,254.2,,51492.3,22373.4,2951443.96,,1486.2
2016-08-01,,12698136.0,,,,,,,181.7,,52587.1,23069.5,2721839.82,,1483.8
2016-09-01,,11537468.0,,,,,,,292.5,,53471.6,22504.2,1618600.02,,1467.2
2016-10-01,,39954756.0,,53933.8,,,2234294.4,,399.1,,56543.8,22704.8,1458064.49,,1428.9
2016-11-01,,8841620.0,,,,,,,412.2,,55403.9,22119.7,1159960.28,,1409.1
2016-12-01,,9209504.0,,,,,,,604.4,,55386.0,24205.5,1255973.8,,1412.6
2017-01-01,-7867.0,175194412.0,7800464.0,53783.0,596838.0,998496.7000000001,2068676.966,344.8737,779.3,17509.0,51365.2,21885.4,1165412.52,80.7,1404.2
2017-02-01,,7986772.0,,,,,,,784.7,,53052.1,21737.3,1073206.64,,1385.1
2017-03-01,,9837136.0,,,,,,,782.5,,59480.3,23448.4,1199027.23,,1362.7
2017-04-01,,48934612.0,,53991.4,,,2234147.832,,872.0,,58470.8,23049.5,1489414.2,,1339.8
2017-05-01,,12394584.0,,,,,,,744.8,,60652.8,23978.9,1813355.35,,1341.6
2017-06-01,,13746732.0,,,,,,,805.3,,62192.7,23662.6,2502996.65,,1344.5
2017-07-01,,56848488.0,,54238.1,,,2311082.814,356.7188,735.8,,58157.8,23458.0,3405915.9899999998,,1337.8
2017-08-01,,14597876.0,,,,,,,886.6,,61702.5,25607.0,3180057.42,,1327.4
2017-09-01,,13173596.0,,,,,,,751.4,,61711.1,24140.5,1880555.39,,1305.5
2017-10-01,,46686716.0,,54254.8,,,2347185.531,,757.7,,63572.3,24433.6,1563624.97,,1284.4
2017-11-01,,10540404.0,,,,,,,748.4,,63753.7,24613.0,1328463.24,,1265.8
2017-12-01,,10714832.0,,,,,,,614.1999999999999,,61223.1,26730.0,1416174.6199999999,,1243.5
2018-01-01,-4972.0,200640856.0,7737516.0,54236.0,536448.0,1064660.2,2169036.23,345.9025,543.4,17817.04,32361.9,18715.1,1284995.46,89.8,1225.2
2018-02-01,,9309584.0,,,,,,,540.5,,32687.1,18044.2,1144530.2,,1206.5
2018-03-01,,11619840.0,,,,,,,658.1,,33626.7,18826.5,1437287.1300000001,,1187.7
2018-04-01,,56677308.0,,54373.1,,,2367314.933,,528.0,,34394.8,18793.4,1660960.48,,1167.5
2018-05-01,,14641188.0,,,,,,,521.9,,36097.6,20284.6,2009002.73,,1143.1
2018-06-01,,15604248.0,,,,,,,545.1,,35455.0,20465.4,2665156.77,,1111.2
2018-07-01,,64515888.0,,54577.2,,,2419105.44,396.49670000000003,582.2,,33982.5,19685.7,3535518.94,,1079.7
2018-08-01,,16287228.0,,,,,,,581.8,,36400.2,19839.8,3337548.45,,1056.6
2018-09-01,,15001820.0,,,,,,,758.3,,34357.4,19489.5,1959091.3299999998,,1042.4
2018-10-01,,52051224.0,,53972.4,,,2455726.301,,736.9,,37767.1,20921.0,1756351.38,,1048.9
2018-11-01,,11418184.0,,,,,,,698.7,,37868.7,20430.1,1480727.25,,1049.2
2018-12-01,,11332056.0,,,,,,,663.1,,35327.9,20116.6,1510886.27,,1042.3
2019-01-01,-3416.0,214840532.0,7679872.0,53880.5,517652.0,1087221.8,2228333.862,459.1406,822.0,18069.6,31696.9,19536.2,1288304.26,77.3,1033.2
2019-02-01,,9691724.0,,,,,,,796.9,,32893.8,18561.5,1211356.48,,1016.0
2019-03-01,,11950720.0,,,,,,,708.7,,34403.5,20796.6,1475807.23,,1000.6
2019-04-01,,62170040.0,,53739.8,,,2401917.519,,875.1,,35358.3,21295.6,1726917.16,,986.4
2019-05-01,,15978328.0,,,,,,,947.5,,36832.7,20874.5,2140095.91,,971.0
2019-06-01,,17110184.0,,,,,,,914.6,,35000.7,19707.8,2648890.68,,963.9
2019-07-01,,70380404.0,,53970.0,,,2462412.508,414.1958,796.2,,34088.5,20510.1,3623171.45,,949.5
2019-08-01,,17986796.0,,,,,,,815.3,,35427.2,21803.8,3367728.85,,928.3
2019-09-01,,16079616.0,,,,,,,660.0,,35057.9,20235.4,1997152.58,,887.4
2019-10-01,,56192832.0,,53827.1,,,2460909.366,,601.5,,36547.7,21195.4,1771470.47,,856.0
2019-11-01,,12368384.0,,,,,,,579.2,,35332.9,20841.0,1567613.46,,879.4
2019-12-01,,12783872.0,,,,,,,584.3,,34042.4,21322.9,1604996.84,,973.4
2020-01-01,-3147.0,45308024.0,7630700.0,53580.9,429198.0,1081656.9,2262489.454,371.4164,799.0,16438.2,31186.9,13361.7,1454215.4,55.5,1083.3
2020-02-01,,4928668.0,,,,,,,828.2,,33207.4,13926.3,1333180.54,,1122.1
2020-03-01,,2219208.0,,,,,,,659.1,,32259.0,12957.4,791853.36,,1180.8
2020-04-01,,1031724.0,,53317.6,,,2145190.804,,396.90000000000003,,27792.7,10978.8,281118.02,,1287.0
2020-05-01,,135776.0,,,,,,,188.9,,30416.2,12782.4,391824.48,,1319.5
2020-06-01,,810828.0,,,,,,,190.4,,31881.8,13970.6,1166005.88,,1318.8
2020-07-01,,8331384.0,,53055.4,,,2448389.146,374.6843,461.90000000000003,,32172.7,14781.5,2565494.5,,1314.4
2020-08-01,,2206848.0,,,,,,,396.5,,32469.1,14590.2,2491543.5,,1279.7
2020-09-01,,1307208.0,,,,,,,409.1,,32439.4,14562.9,959027.44,,1226.4
2020-10-01,,3433264.0,,52750.4,,,2485438.119,,415.0,,34423.8,14701.6,839424.62,,1182.2
2020-11-01,,609704.0,,,,,,,362.6,,34852.1,14226.7,564063.76,,1165.5
2020-12-01,,705080.0,,,,,,,355.6,,33350.7,14266.1,471078.78,,1155.7
2021-01-01,-280.0,28943220.0,7572892.0,51340.1,461938.0,1231940.3,2279375.014,345.1582,126.4,14812.6,29692.7,12226.1,356654.39,50.6,1150.3
2021-02-01,,312064.0,,,,,,,145.0,,30580.3,13011.2,378081.61,,1154.4
2021-03-01,,419260.0,,,,,,,247.20000000000002,,32831.6,15224.5,423909.93,,1159.8
2021-04-01,,3844084.0,,51474.7,,,2571534.767,,601.8,,36120.3,16014.5,459721.22000000003,,1168.2
2021-05-01,,900988.0,,,,,,,758.3,,34267.5,15781.7,634490.8200000001,,1172.6
2021-06-01,,1780400.0,,,,,,,802.7,,35621.4,16631.0,1026701.47,,1161.3
2021-07-01,,15369116.0,,51870.6,,,2721224.485,578.1282,879.7,,35250.3,16769.8,2146490.03,,1133.8
2021-08-01,,4486036.0,,,,,,,1070.6,,34722.5,16573.9,2054830.27,,1079.0
2021-09-01,,3845712.0,,,,,,,1267.0,,35342.8,16407.7,1150606.18,,1031.9
2021-10-01,,14662332.0,,51494.2,,,2752192.013,,1476.5,,35637.1,15810.8,872894.85,,1020.7
2021-11-01,,3117116.0,,,,,,,1843.7,,36383.2,15499.4,552097.41,,1043.5
2021-12-01,,3361984.0,,,,,,,2035.0,,36797.0,17132.3,733392.37,,1055.0
2022-01-01,22027.0,77494916.0,7503028.0,51769.0,477188.0,1439741.5,2608837.651,682.8362,2244.2,14448.2,34019.2,15589.6,639515.57,50.2,1037.2
2022-02-01,,2448828.0,,,,,,,2577.7,,32351.2,15385.8,705781.09,,1020.2
2022-03-01,,3641468.0,,,,,,,3115.3,,37240.1,17822.9,874405.08,,1003.4
2022-04-01,,23007216.0,,52201.8,,,2805829.473,,3571.5,,37761.1,16492.8,1138858.46,,986.1
2022-05-01,,5896544.0,,,,,,,4341.2,,40908.1,17442.4,1293780.22,,979.3
2022-06-01,,6861432.0,,,,,,,4810.4,,38989.5,17434.7,1969535.76,,1000.6
2022-07-01,,29528408.0,,52620.6,,,2911088.547,1203.5028,5371.4,,35387.5,17559.9,2892552.34,,1062.4
2022-08-01,,7292668.0,,,,,,,5323.2,,36164.5,18493.7,2726345.49,,1081.8
2022-09-01,,6694988.0,,,,,,,5688.6,,35522.9,17859.9,1489778.1199999999,,1085.7
2022-10-01,,24583816.0,,52291.7,,,2962040.1,,5819.1,,36222.4,17800.4,1393595.14,,1066.0
2022-11-01,,5303264.0,,,,,,,5853.0,,41249.4,18063.4,1039045.67,,1040.4
2022-12-01,,5592280.0,,,,,,,5702.4,,35505.1,17485.2,1118840.97,,1002.9
2023-01-01,7966.0,102283984.0,7532032.0,51897.9,507558.0,1404522.9,2770079.142,1220.7045,5780.7,15297.6,31113.1,16696.4,934086.18,41.8,953.4
2023-02-01,,4592424.0,,,,,,,5548.7,,32140.1,16313.5,1000219.17,,919.8
2023-03-01,,5531232.0,,,,,,,5032.0,,35841.2,17560.1,1037607.99,,902.5
2023-04-01,,28960148.0,,52008.6,,,2819754.659,,4473.6,,35937.3,17542.4,1308818.46,,908.7
2023-05-01,,7701732.0,,,,,,,3970.6,,36474.2,18156.9,1566409.56,,921.1
2023-06-01,,7985072.0,,,,,,,3159.2,,36029.2,17510.5,2135321.96,,941.6
2023-07-01,,34127240.0,,52043.9,,,2854557.022,935.2067,2747.3,,32296.5,17742.0,3306970.71,,961.1
2023-08-01,,8623588.0,,,,,,,2440.4,,34256.6,17796.3,2829617.33,,971.4
2023-09-01,,7688340.0,,,,,,,1955.2,,33982.1,17311.4,1612740.85,,980.9
2023-10-01,,27446028.0,,51656.6,,,2854291.077,,1574.2,,36359.5,17888.1,1362993.9,,1012.5
2023-11-01,,5831424.0,,,,,,,1367.7,,39145.9,16948.2,1109692.93,,1035.8
2023-12-01,,6054004.0,,,,,,,1161.8,,35853.4,13195.7,1239463.6099999999,,1045.0
2024-01-01,-2225.0,111214124.0,7487528.0,51837.8,,1392502.9,2671005.547,1293.8316,1016.2,,13643.9,6876.7,947229.09,,1022.8
2024-02-01,,4854636.0,,,,,,,776.6,,15021.2,6873.5,979407.46,,1024.0
2024-03-01,,6226024.0,,,,,,,842.0,,15535.2,7545.2,1204014.83,,1037.7
2024-04-01,,30471480.0,,51702.0,,,2815832.684,,785.8,,15439.1,7404.4,1312550.43,,1057.5
2024-05-01,,7930876.0,,,,,,,656.0,,16370.6,7679.4,1681630.8599999999,,1059.1
2024-06-01,,8534588.0,,,,,,,965.1,,15515.8,7312.1,2345801.4,,1037.1
2024-07-01,,37289568.0,,51561.2,,,2898211.081,1025.6393,798.3,,14880.3,7792.1,3375939.63,,1007.2
2024-08-01,,9536232.0,,,,,,,945.5,,16258.0,7929.7,3151163.17,,1005.1
2024-09-01,,8530312.0,,,,,,,992.5,,15282.9,7947.5,1718825.88,,986.4
2024-10-01,,30991016.0,,51072.7,,,2906183.544,,1035.8,,16885.5,8209.5,1492372.92,,1007.8
2024-11-01,,6781840.0,,,,,,,1021.8,,18034.7,8198.9,1286595.28,,1017.2
2024-12-01,,7293488.0,,,,,,,1245.6,,15301.0,8221.7,1416680.34,,1035.4
2025-01-01,,23075116.0,,51200.8,,,2765662.733,1024.2563,1268.6,,14322.9,7265.1,1113665.13,,1068.3
2025-02-01,,5223512.0,,,,,,,1525.6,,14951.5,7009.099999999999,1098690.45,,1092.8
2025-03-01,,6616420.0,,,,,,,1441.7,,15496.8,7943.5,1259184.84,,1068.0
2025-04-01,,31213984.0,,51928.3,,,2906196.589,,1630.3,,16677.4,7973.1,1478616.49,,1039.1
2025-05-01,,8166088.0,,,,,,,1574.6,,16460.0,7975.099999999999,1889442.49,,1024.2
2025-06-01,,8469496.0,,,,,,,1465.2,,16777.5,7963.5,2370395.2,,1020.6
2025-07-01,,,,,,,,,1573.8,,16585.1,8315.6,3484322.62,,1013.4
2025-08-01,,,,,,,,,1533.7,,16267.7,4552.3,3289668.24,,1004.1
2025-09-01,,,,,,,,,1385.5,,,4256.0,,,
